{"cameraMode":{"drawMode":0,"name":"Shaded","section":"Shading Mode"},"sceneLighting":true,"audioPlay":false,"sceneViewState":{"showFog":false,"showMaterialUpdate":false,"showSkybox":false,"showFlares":false,"showImageEffects":false,"showParticleSystems":false},"in2DMode":false,"pivot":{"x":1.5853034257888795,"y":1.860197901725769,"z":57.22475051879883},"rotation":{"x":0.07266318798065186,"y":0.1908881962299347,"z":-0.014170012436807156,"w":0.9788160920143127},"size":27.325345993041993,"orthographic":true}